object,field,referenceType,referenceLabel
Account,PEP_ExternalID_Account__c,ApexClass,LATAM_CalculateDistributionKPITest
Account,PEP_ExternalID_Account__c,ApexClass,LATAM_ReassignTaskTest
Account,PEP_ExternalID_Account__c,ApexClass,LATAM_SyncAccountGeolocationHandlerTest
Account,PEP_ExternalID_Account__c,ApexClass,LATAM_TaskOwnerHandlerTest
Account,PEP_ExternalID_Account__c,ApexClass,LATAM_UpdateVisitListInfoHandlerTest
Account,PEP_ExternalID_Account__c,ApexClass,LATAM_CreateDataFromVSCtrlTest
Account,PEP_ExternalID_Account__c,ApexClass,LATAM_PerformanceCreateBanksBatch
Account,PEP_ExternalID_Account__c,ApexClass,LATAM_PerformanceCreateCTRBatch
Account,PEP_ExternalID_Account__c,ApexClass,LATAM_PerformanceUpdateVPOsBatch
Account,PEP_ExternalID_Account__c,ApexClass,LATAM_PerformanceDelVPOBatch
Account,PEP_ExternalID_Account__c,ApexClass,LATAM_OverpaymentCtrlTest
Account,PEP_ExternalID_Account__c,ApexClass,LATAM_SendOrderStageToAppDTest
Account,PEP_ExternalID_Account__c,ApexClass,GTM_CreateDcStopsHandlerTest
Account,PEP_ExternalID_Account__c,ApexClass,LATAM_CustomToRouteCustomLevelBatchTest
Account,PEP_ExternalID_Account__c,ApexClass,LATAM_EventualVisitFilterCtrlTest
Account,PEP_ExternalID_Account__c,ApexClass,LATAM_EventualVisitInfoCtrlTest
Account,PEP_ExternalID_Account__c,ApexClass,LATAM_GetCreditAcceptPicOnAwsBatch
Account,PEP_ExternalID_Account__c,ApexClass,LATAM_GetCreditAcceptPicOnAwsBatchTest
Account,PEP_ExternalID_Account__c,ApexClass,LATAM_GetCreditAcceptPicOnAwsSchTest
Account,PEP_ExternalID_Account__c,ApexClass,LATAM_GetDayOfWeekOnVisitHandlerTest
Account,PEP_ExternalID_Account__c,ApexClass,LATAM_PopulatePaymentDateBatchTest
Account,PEP_ExternalID_Account__c,ApexClass,LATAM_PopulatePaymentDateHandlerTest
Account,PEP_ExternalID_Account__c,ApexClass,LATAM_ProcessCreditAcceptanceBatchTest
Account,PEP_ExternalID_Account__c,ApexClass,LATAM_RoutesOnboardingBatchTest
Account,PEP_ExternalID_Account__c,ApexClass,LATAM_RoutesOnboardingSchedulerTest
Account,PEP_ExternalID_Account__c,ApexClass,LATAM_RoutesOnboardingViewControlTest
Account,PEP_ExternalID_Account__c,ApexClass,LATAM_SumTotalForLastWeekBatchTest
Account,PEP_ExternalID_Account__c,ApexClass,LATAM_SumTotalForThisWeekBatchTest
Account,PEP_ExternalID_Account__c,ApexClass,LATAM_UpdateAccToRouteVisitHandlerTest
Account,PEP_ExternalID_Account__c,ApexClass,LATAM_UpdateVisitCustomerLevelTest
Account,PEP_ExternalID_Account__c,ApexClass,GTM_CalculateDrivingTimeHandlerTest
Account,PEP_ExternalID_Account__c,ApexClass,GTM_CalculateRouteIndexHandlerTest
Account,PEP_ExternalID_Account__c,ApexClass,GTM_CalculateVisitTodayReportHandlerTest
Account,PEP_ExternalID_Account__c,ApexClass,GTM_CreateDCAccount
Account,PEP_ExternalID_Account__c,ApexClass,GTM_CreateEmployeeToRouteHandlerTest
Account,PEP_ExternalID_Account__c,ApexClass,GTM_CreateVisitOrderHandlerTest
Account,PEP_ExternalID_Account__c,ApexClass,GTM_CustomerToRoute
Account,PEP_ExternalID_Account__c,ApexClass,GTM_DCAccountShareTest
Account,PEP_ExternalID_Account__c,ApexClass,GTM_DcAccountUtility
Account,PEP_ExternalID_Account__c,ApexClass,GTM_FindExistingCustomerTest
Account,PEP_ExternalID_Account__c,ApexClass,GTM_GetBasicInfoHandler
Account,PEP_ExternalID_Account__c,ApexClass,GTM_GetOrderBasicInfoHandler
Account,PEP_ExternalID_Account__c,ApexClass,GTM_GetOrderBasicInfoHandlerTest
Account,PEP_ExternalID_Account__c,ApexClass,GTM_GetOrderGeolocationInfoHandlerTest
Account,PEP_ExternalID_Account__c,ApexClass,GTM_OrderFormatTimeHandlerTest
Account,PEP_ExternalID_Account__c,ApexClass,GTM_RollupToDcLocationTest
Account,PEP_ExternalID_Account__c,ApexClass,GTM_SAStoppedHandlerTest
Account,PEP_ExternalID_Account__c,ApexClass,GTM_SetDcAccountToOrderHandlerTest
Account,PEP_ExternalID_Account__c,ApexClass,GTM_SetOrderNameHandlerTest
Account,PEP_ExternalID_Account__c,ApexClass,GTM_SetPayerBatch
Account,PEP_ExternalID_Account__c,ApexClass,GTM_SetPayerBatchTest
Account,PEP_ExternalID_Account__c,ApexClass,GTM_SummarizeEventualVisitWithOrderTest
Account,PEP_ExternalID_Account__c,ApexClass,GTM_TestDataFactory
Account,PEP_ExternalID_Account__c,ApexClass,GTM_ValidateDCTest
Account,PEP_ExternalID_Account__c,ApexClass,LATAM_CalculateDailyAverageCommonTest
Account,PEP_ExternalID_Account__c,ApexClass,LATAM_CreateCustomerToRouteHandlerTest
Account,PEP_ExternalID_Account__c,ApexClass,LATAM_CreateVisitListHandlerTest
Account,PEP_ExternalID_Account__c,ApexClass,LATAM_GoogleMapCtrlTest
Account,PEP_ExternalID_Account__c,ApexClass,LATAM_RelatedSalesTargetsHandlerTest
Account,PEP_ExternalID_Account__c,ApexClass,LATAM_SCN_AU_FlowManagerTest
Account,PEP_ExternalID_Account__c,ApexClass,LATAM_UpdateBankAccountInfoHandler
Account,PEP_ExternalID_Account__c,ApexClass,LATAM_VisitListMapViewCtrlTest
Account,PEP_ExternalID_Account__c,ApexClass,RESTOrderControllerTest
Account,PEP_ExternalID_Account__c,ApexClass,LATAM_OrderCreationProcesorTest
Account,PEP_ExternalID_Account__c,ApexClass,LATAM_OrderCreationProcessor
Account,PEP_ExternalID_Account__c,ApexClass,LATAM_ProcessCreditAcceptance
Account,PEP_ExternalID_Account__c,ApexClass,LATAM_ContingencyVisitHandlerTest
Account,PEP_ExternalID_Account__c,ApexClass,LATAM_CalculateComplianceHandlerTest
Account,PEP_ExternalID_Account__c,ApexClass,LATAM_CalculatePosVisitHandlerTest
Account,PEP_ExternalID_Account__c,ApexClass,LATAM_SurveyCtrl
Account,PEP_ExternalID_Account__c,ApexClass,LATAM_SurveyCtrlTest
Account,PEP_ExternalID_Account__c,ApexClass,LATAM_ValidatePosTaskHandlerTest
Account,PEP_ExternalID_Account__c,ApexClass,LATAM_CalculateTotalClientsBatchTest
Account,PEP_ExternalID_Account__c,ApexClass,LATAM_CalculateTotalClientsHandlerTest
Account,PEP_ExternalID_Account__c,ApexClass,LATAM_GenerateCustomerToRouteExternalId
Account,PEP_ExternalID_Account__c,ApexClass,GTM_DCAccountTeamShareUtilityTest
Account,PEP_ExternalID_Account__c,ApexClass,GTM_EmployeeToRouteTest
Account,PEP_ExternalID_Account__c,ApexClass,GTM_RollupToCelulaTest
Account,PEP_ExternalID_Account__c,ApexClass,LATAM_ArqueoOrdersCreationBatch
Account,PEP_ExternalID_Account__c,ApexClass,LATAM_ArqueoOrdersCreationBatchTest
Account,PEP_ExternalID_Account__c,ApexClass,LATAM_CalVisitWorkingDayTimeBatchTest
Account,PEP_ExternalID_Account__c,ApexClass,LATAM_CalculateCreditAndPaymentTest
Account,PEP_ExternalID_Account__c,ApexClass,LATAM_CalculateProgrammedVisitTest
Account,PEP_ExternalID_Account__c,ApexClass,LATAM_CalculateVisitListKPIsScheduleTest
Account,PEP_ExternalID_Account__c,ApexClass,LATAM_DTSCredit_BannedDeniedStatusTest
Account,PEP_ExternalID_Account__c,ApexClass,LATAM_DTSCredit_CreditCreationBatchTest
Account,PEP_ExternalID_Account__c,ApexClass,LATAM_DTSCredit_CustomerVPOBatchTest
Account,PEP_ExternalID_Account__c,ApexClass,LATAM_DTSCredit_EligibleAlgothmBatchTest
Account,PEP_ExternalID_Account__c,ApexClass,LATAM_DTSCredit_EligibleAlgothmSchedTest
Account,PEP_ExternalID_Account__c,ApexClass,LATAM_DTSCredit_ExpirationBatchTest
Account,PEP_ExternalID_Account__c,ApexClass,LATAM_DTSCredit_ReCalLimitBatchTest
Account,PEP_ExternalID_Account__c,ApexClass,LATAM_DTSCredit_ReCalLimitSchedulerTest
Account,PEP_ExternalID_Account__c,ApexClass,LATAM_DTSCredit_VPOCalculationScheduTest
Account,PEP_ExternalID_Account__c,ApexClass,LATAM_OrderLossNotification
Account,PEP_ExternalID_Account__c,ApexClass,LATAM_OrderLossNotificationTest
Account,PEP_ExternalID_Account__c,ApexClass,LATAM_PopulateDcDivisionRegionTest
Account,PEP_ExternalID_Account__c,ApexClass,LATAM_ProcessVisitSchedule
Account,PEP_ExternalID_Account__c,ApexClass,LATAM_RouteKPIsViaOrderCalculationTest
Account,PEP_ExternalID_Account__c,ApexClass,LATAM_SendDiscountToMC1Batch
Account,PEP_ExternalID_Account__c,ApexClass,LATAM_SendOpenCreditToMC1BatchTest
Account,PEP_ExternalID_Account__c,ApexClass,LATAM_SuspendCustomerTest
Account,PEP_ExternalID_Account__c,ApexClass,LATAM_SuspendPeriodHandlerTest
Account,PEP_ExternalID_Account__c,ApexClass,LATAM_UpdateCreditStatusHandler
Account,PEP_ExternalID_Account__c,ApexClass,LATAM_UpdateCreditStatusTest
Account,PEP_ExternalID_Account__c,ApexClass,LATAM_UpdateCreditToApprovedHandlerTest
Account,PEP_ExternalID_Account__c,ApexClass,LATAM_VisitListKPIsFromVisitCalcTest
Account,PEP_ExternalID_Account__c,ApexClass,LATAM_VisitListKPIsViaOrderCalcTest
Account,PEP_ExternalID_Account__c,ApexClass,LATAM_VisitNotificationHandlerTest
Account,PEP_ExternalID_Account__c,ApexClass,GTM_ValidateSAHandlerTest
Account,PEP_ExternalID_Account__c,ApexClass,MTPortal_CatalogueControllerTest
Account,PEP_ExternalID_Account__c,ApexClass,MTPortal_MaterialOrdenControllerTest
Account,PEP_ExternalID_Account__c,ApexClass,LATAM_DTSCredit_PaymentCreationBatchTest
Account,PEP_ExternalID_Account__c,CustomField,Customer_Concatenation
Account,PEP_ExternalID_Account__c,CustomField,ACC_NUMBER
Account,PEP_ExternalID_Account__c,CustomField,PEP_ExternalId_Account
Account,PEP_ExternalID_Account__c,Layout,Bank Account Layout
Account,PEP_ExternalID_Account__c,Layout,Customer Layout
Account,PEP_ExternalID_Account__c,Layout,DC Account Layout
Account,PEP_ExternalID_Account__c,Report,LATAM_Overpayment_Cancellation
Account,PEP_ExternalID_Account__c,Report,Reporte_de_Clientes_de_Crdito_Merida_JOs
Account,PEP_ExternalID_Account__c,Report,Reporte_de_Clientes_de_Crdito_Queretaro_woN
Account,PEP_ExternalID_Account__c,Report,estatus_de_documentos_15042019
Account,PEP_ExternalID_Account__c,Report,Copia_de_Reporte_Clientes_Elegibles_y_Fd
Account,PEP_ExternalID_Account__c,Report,Errors_in_Document_Status_21d
Account,PEP_ExternalID_Account__c,Report,Reporte_Clientes_por_Estatus_Doc
Account,PEP_ExternalID_Account__c,Report,Copia_de_Reporte_Clientes_por_Estatus_Do1
Account,PEP_ExternalID_Account__c,Report,Wrong_DTS_Credit_Orders_1pm
Account,PEP_ExternalID_Account__c,Report,Clientes_Estatus_de_Documentos_VERALAPA
Account,PEP_ExternalID_Account__c,Report,Reporte_de_Clientes_de_Crdito_Cancun_V7K
Account,PEP_ExternalID_Account__c,Report,Reporte_de_Clientes_de_Crdito_Xalapa_Q4B
Account,PEP_ExternalID_Account__c,Report,Reporte_de_Clientes_de_Crdito_Veracruz_K7C
Account,PEP_ExternalID_Account__c,Report,Reporte_Clientes_Elegibles
Account,PEP_ExternalID_Account__c,Report,Reporte_de_Clientes_de_Cr_dito_MID
Account,PEP_ExternalID_Account__c,Report,Reporte_Clientes_por_Estatus_Doc_MID_GP
Account,PEP_ExternalID_Account__c,Report,Cesar_C_Reporte_Clientes_Elegibles_y_Fd
Account,PEP_ExternalID_Account__c,Report,X920_estatus_de_credito
Account,PEP_ExternalID_Account__c,Report,Reporte_de_Clientes_de_Crdito_Aby
Account,PEP_ExternalID_Account__c,Report,LATAM_ReportonEligibilitybyCustomerSalesForce
Account,PEP_ExternalID_Account__c,Report,Clientes_por_Estatus_de_Documentos_NJK
Account,PEP_ExternalID_Account__c,Report,Copia_de_Copia_de_Reporte_Clientes_por_E
Account,PEP_ExternalID_Account__c,Report,Copia_de_Reporte_Clientes_por_Estatus_Do
Account,PEP_ExternalID_Account__c,Report,Copy_of_Reporte_Clientes_Elegibles_y_FdV
Account,PEP_ExternalID_Account__c,Report,Copy_of_Reporte_Clientes_Elegibles_y_FdV1
Account,PEP_ExternalID_Account__c,Report,makyyyyyy
Account,PEP_ExternalID_Account__c,Report,Reporte_de_Clientes_de_Crdito_Oaxaca_Nbg
Account,PEP_ExternalID_Account__c,Report,Reporte_Clientes_Elegibles_y_FdV
Account,PEP_ExternalID_Account__c,Report,Reporte_Clientes_por_Estatus_Documentos_t4J
Account,PEP_ExternalID_Account__c,Report,Reporte_de_Clientes_de_Crdito_Tuxtla_9P3
Account,PEP_ExternalID_Account__c,Report,X479_Clientes_por_Estatus_de_Documen
Account,PEP_ExternalID_Account__c,Report,DIVICION_QUERETARO_STATUS_DE_DOCUMENTOS
Account,PEP_ExternalID_Account__c,Report,Reporte_Clientes_por_Estatus_Compulsa
Account,PEP_ExternalID_Account__c,Report,Copia_de_Copy_of_Reporte_Clientes_Elegib
Account,PEP_ExternalID_Account__c,Report,Copia_de_Reporte_Cli_Eleg_CLUSTER_SJR
Account,PEP_ExternalID_Account__c,Report,Coords_clientes_con_NIP
Account,PEP_ExternalID_Account__c,Report,Coords_clientes_con_NIP1
Account,PEP_ExternalID_Account__c,Report,Reporte_de_Clientes_de_Crdito_Cancn_pP2
Account,PEP_ExternalID_Account__c,Report,Reporte_de_Clientes_de_Cr_dito_M_rida
Account,PEP_ExternalID_Account__c,Report,Reporte_Clientes_Elegibles_Divisi_n
Account,PEP_ExternalID_Account__c,Report,Reporte_Clientes_por_Estatus_Documento
Account,PEP_ExternalID_Account__c,Report,Clientes_por_Estatus_de_Documen
Account,PEP_ExternalID_Account__c,Report,Reporte_Clientes_por_Estatus_Documentos
Account,PEP_ExternalID_Account__c,Report,Reporte_Clientes_por_Estatus_Doctos_1
Account,PEP_ExternalID_Account__c,Report,Copia_de_Reporte_de_Clientes_Elegibles1
Account,PEP_ExternalID_Account__c,Report,Reporte_de_Clientes_Elegibles_MID
Account,PEP_ExternalID_Account__c,Report,Reporte_de_Clientes_Elegibles_CAMPECHE
Account,PEP_ExternalID_Account__c,Report,Reporte_Clientes_por_Estatus_Doc_MID
Account,PEP_ExternalID_Account__c,Report,Reporte_Clientes_por_Estatus_CAMPECHE
Account,PEP_ExternalID_Account__c,Report,Reporte_Clientes_por_Estatus_CAMPECHE1
Account,PEP_ExternalID_Account__c,Report,Reporte_Clientes_por_Estatus_Doc_MID1
Account,PEP_ExternalID_Account__c,Report,Reporte_Clientes_por_Estatus_valladolid
Account,PEP_ExternalID_Account__c,Report,X532_Reporte_Clientes_Elegibles_y_Fd
Account,PEP_ExternalID_Account__c,Report,Reporte_Clientes_Elegibles_y_Fd_534
Account,PEP_ExternalID_Account__c,Report,X479_Reporte_Clientes_Elegibles_y_Fd
Account,PEP_ExternalID_Account__c,ReportType,DTS_Credits_Ledgers_Overpayment
Account,PEP_ExternalID_Account__c,ReportType,Custom_With_Custom_To_Route
Account,PEP_ExternalID_Account__c,ReportType,Accounts_with_Orders
Account,PEP_ExternalID_Account__c,ReportType,Account_with_Customer_to_Route
Account,PEP_ExternalID_Account__c,WorkflowFieldUpdate,DCFlex_Account_Number_Update
AccountToRoute__c,PEP_ExternalID_AccountToRoute__c,ApexClass,LATAM_PerformanceCreateCTRBatch
AccountToRoute__c,PEP_ExternalID_AccountToRoute__c,ApexClass,LATAM_GetCreditAcceptPicOnAwsBatchTest
AccountToRoute__c,PEP_ExternalID_AccountToRoute__c,ApexClass,LATAM_GetCreditAcceptPicOnAwsSchTest
AccountToRoute__c,PEP_ExternalID_AccountToRoute__c,ApexClass,LATAM_ProcessCreditAcceptanceBatchTest
AccountToRoute__c,PEP_ExternalID_AccountToRoute__c,ApexClass,GTM_CustomerToRoute
AccountToRoute__c,PEP_ExternalID_AccountToRoute__c,ApexClass,GTM_CustomerToRouteAccountShareTest
AccountToRoute__c,PEP_ExternalID_AccountToRoute__c,ApexClass,LATAM_ProcessCreditAcceptance
AccountToRoute__c,PEP_ExternalID_AccountToRoute__c,ApexClass,LATAM_GenerateCustomerToRouteExternalId
AccountToRoute__c,PEP_ExternalID_AccountToRoute__c,ApexClass,LATAM_CalculateCreditAndPayment
AccountToRoute__c,PEP_ExternalID_AccountToRoute__c,ApexClass,LATAM_DTSCredit_DTSCreditLedgerProcessor
AccountToRoute__c,PEP_ExternalID_AccountToRoute__c,ApexClass,LATAM_DTSCredit_GetInfoFromOrder
AccountToRoute__c,PEP_ExternalID_AccountToRoute__c,ApexClass,LATAM_SendCreditOfferDataToMC1Batch
AccountToRoute__c,PEP_ExternalID_AccountToRoute__c,Layout,Customer to Route Layout
AccountToRoute__c,PEP_ExternalID_AccountToRoute__c,Report,Coords_clientes_con_NIP
AccountToRoute__c,PEP_ExternalID_AccountToRoute__c,Report,Snow_Incidents_Change_Status_0rx
AccountToRoute__c,PEP_ExternalID_AccountToRoute__c,Report,Ruta_y_cliente_uSI
AccountToRoute__c,PEP_ExternalID_AccountToRoute__c,Report,Clientes_de_Credito_Jey
AccountToRoute__c,PEP_ExternalID_AccountToRoute__c,Report,Historical_Sales_Force_VPO
AccountToRoute__c,PEP_ExternalID_AccountToRoute__c,ReportType,Custom_With_Custom_To_Route
AccountToRoute__c,PEP_ExternalID_AccountToRoute__c,ReportType,Custom_to_Route
AccountToRoute__c,PEP_ExternalID_AccountToRoute__c,ReportType,Account_with_Customer_to_Route
AccountToRoute__c,PEP_ExternalID_AccountToRoute__c,ReportType,Customer_to_Routes_with_Credit_with_Payment
AccountToRoute__c,PEP_ExternalID_AccountToRoute__c,ReportType,Customer_to_Route_with_credit_with_payment
